"result__underlyingSymbol","result__expirationDates","result__strikes","result__hasMiniOptions","result__quote__language","result__quote__quoteType","result__quote__quoteSourceName","result__quote__currency","result__quote__trailingAnnualDividendRate","result__quote__trailingPE","result__quote__trailingAnnualDividendYield","result__quote__epsTrailingTwelveMonths","result__quote__epsForward","result__quote__exchangeDataDelayedBy","result__quote__shortName","result__quote__regularMarketPrice","result__quote__regularMarketTime","result__quote__regularMarketChange","result__quote__regularMarketOpen","result__quote__regularMarketDayHigh","result__quote__regularMarketDayLow","result__quote__regularMarketVolume","result__quote__sharesOutstanding","result__quote__bookValue","result__quote__fiftyDayAverage","result__quote__fiftyDayAverageChange","result__quote__fiftyDayAverageChangePercent","result__quote__twoHundredDayAverage","result__quote__twoHundredDayAverageChange","result__quote__market","result__quote__regularMarketPreviousClose","result__quote__bid","result__quote__ask","result__quote__bidSize","result__quote__askSize","result__quote__messageBoardId","result__quote__fullExchangeName","result__quote__longName","result__quote__financialCurrency","result__quote__averageDailyVolume3Month","result__quote__averageDailyVolume10Day","result__quote__exchange","result__quote__marketState","result__quote__twoHundredDayAverageChangePercent","result__quote__marketCap","result__quote__forwardPE","result__quote__priceToBook","result__quote__sourceInterval","result__quote__exchangeTimezoneName","result__quote__exchangeTimezoneShortName","result__quote__gmtOffSetMilliseconds","result__quote__regularMarketChangePercent","result__quote__priceHint","result__quote__fiftyTwoWeekLowChange","result__quote__fiftyTwoWeekLowChangePercent","result__quote__fiftyTwoWeekHighChange","result__quote__fiftyTwoWeekHighChangePercent","result__quote__fiftyTwoWeekLow","result__quote__fiftyTwoWeekHigh","result__quote__dividendDate","result__quote__earningsTimestamp","result__quote__earningsTimestampStart","result__quote__earningsTimestampEnd","result__quote__esgPopulated","result__quote__tradeable","result__quote__symbol","result__options__expirationDate","result__options__hasMiniOptions","result__options__calls__contractSymbol","result__options__calls__strike","result__options__calls__currency","result__options__calls__lastPrice","result__options__calls__change","result__options__calls__percentChange","result__options__calls__volume","result__options__calls__openInterest","result__options__calls__bid","result__options__calls__ask","result__options__calls__contractSize","result__options__calls__expiration","result__options__calls__lastTradeDate","result__options__calls__impliedVolatility","result__options__calls__inTheMoney","result__options__puts__contractSymbol","result__options__puts__strike","result__options__puts__currency","result__options__puts__lastPrice","result__options__puts__change","result__options__puts__percentChange","result__options__puts__volume","result__options__puts__openInterest","result__options__puts__bid","result__options__puts__ask","result__options__puts__contractSize","result__options__puts__expiration","result__options__puts__lastTradeDate","result__options__puts__impliedVolatility","result__options__puts__inTheMoney","error"
"AAPL","1516924800","50.0","False","en-US","EQUITY","Nasdaq Real Time Price","USD","2.4","19.244843","0.013448392","9.21","12.24","0","Apple Inc.","177.245","1516636252","-1.2150116","177.3","177.78","176.6016","7429148","5087059968","26.149","173.36406","3.8809357","0.022386044","162.76839","14.476608","us_market","178.46","177.14","177.15","3","3","finmb_24937","NasdaqGS","Apple Inc.","USD","27422618","30366760","NMS","REGULAR","0.08893993","901655887872","14.480801","6.7782702","15","America/New_York","EST","-18000000","-0.6808313","3","57.744995","0.4832217","-2.855011","-0.015852366","119.5","180.1","1510790400","1517518800","1517259600","1517605200","False","True","AAPL","1579219200","False","AAPL200117C00050000","50.0","USD","128.5","5.9100037","4.820951","4","5","126.0","130.8","REGULAR","1579219200","1516390383","0.5217332983398437","True","AAPL200117P00050000","50.0","USD","0.1","0.040000003","66.66667","15","71","0.06","0.08","REGULAR","1579219200","1516373975","0.352545537109375","False","null"
"","1517529600","55.0","","","","","","","","","","","","","","","","","","","","","","","","","","","","","","","","","","","","","","","","","","","","","","","","","","","","","","","","","","","","","","","","","","AAPL200117C00055000","55.0","USD","118.28","0.0","0.0","1","11","117.5","122.0","REGULAR","1579219200","1515214297","1E-05","True","AAPL200117P00080000","80.0","USD","0.4","0.0","0.0","3","2083","0.35","0.47","REGULAR","1579219200","1516218138","0.29004616210937495","False",""
"","1518134400","60.0","","","","","","","","","","","","","","","","","","","","","","","","","","","","","","","","","","","","","","","","","","","","","","","","","","","","","","","","","","","","","","","","","","AAPL200117C00060000","60.0","USD","116.5","1.5999985","1.3925139","1","6","114.5","119.0","REGULAR","1579219200","1515775163","0.49207050903320315","True","AAPL200117P00085000","85.0","USD","0.52","0.0","0.0","1","298","0.5","0.67","REGULAR","1579219200","1516113023","0.2869944348144531","False",""
"","1518739200","70.0","","","","","","","","","","","","","","","","","","","","","","","","","","","","","","","","","","","","","","","","","","","","","","","","","","","","","","","","","","","","","","","","","","AAPL200117C00070000","70.0","USD","108.0","0.0","0.0","10","23","106.0","110.8","REGULAR","1579219200","1516214361","0.5097094927978516","True","AAPL200117P00090000","90.0","USD","1.0","0.25","33.333336","16","817","0.55","1.8","REGULAR","1579219200","1514580986","0.3272772351074219","False",""
"","1519344000","75.0","","","","","","","","","","","","","","","","","","","","","","","","","","","","","","","","","","","","","","","","","","","","","","","","","","","","","","","","","","","","","","","","","","AAPL200117C00075000","75.0","USD","102.9","7.550003","7.918199","1","5","101.0","105.0","REGULAR","1579219200","1516632303","0.445318046875","True","AAPL200117P00095000","95.0","USD","0.97","-0.07999992","-7.6190405","1","352","0.82","0.97","REGULAR","1579219200","1516387556","0.2664868273925781","False",""
"","1519948800","80.0","","","","","","","","","","","","","","","","","","","","","","","","","","","","","","","","","","","","","","","","","","","","","","","","","","","","","","","","","","","","","","","","","","AAPL200117C00080000","80.0","USD","97.8","-2.5","-2.4925225","5","640","95.05","97.6","REGULAR","1579219200","1516633774","0.27539787109374997","True","AAPL200117P00100000","100.0","USD","1.31","0.00999999","0.76923007","16","1600","1.24","1.3","REGULAR","1579219200","1516631785","0.2633130310058594","False",""
"","1524182400","85.0","","","","","","","","","","","","","","","","","","","","","","","","","","","","","","","","","","","","","","","","","","","","","","","","","","","","","","","","","","","","","","","","","","AAPL200117C00085000","85.0","USD","88.03","0.0","0.0","1","33","87.0","92.0","REGULAR","1579219200","1513285172","1E-05","True","AAPL200117P00105000","105.0","USD","1.85","0.0","0.0","1","700","1.05","1.91","REGULAR","1579219200","1516201813","0.26746338012695314","False",""
"","1529020800","90.0","","","","","","","","","","","","","","","","","","","","","","","","","","","","","","","","","","","","","","","","","","","","","","","","","","","","","","","","","","","","","","","","","","AAPL200117C00090000","90.0","USD","89.22","-0.27999878","-0.3128478","10","203","87.0","91.5","REGULAR","1579219200","1516632826","0.4106504248046875","True","AAPL200117P00110000","110.0","USD","2.2","0.0","0.0","15","738","1.85","2.2","REGULAR","1579219200","1516635258","0.25708750732421876","False",""
"","1532044800","95.0","","","","","","","","","","","","","","","","","","","","","","","","","","","","","","","","","","","","","","","","","","","","","","","","","","","","","","","","","","","","","","","","","","AAPL200117C00095000","95.0","USD","84.85","-1.4100037","-1.6345972","120","338","82.75","85.35","REGULAR","1579219200","1516394562","0.3501041552734374","True","AAPL200117P00115000","115.0","USD","3.0","0.19000006","6.761568","70","1707","2.56","3.15","REGULAR","1579219200","1516394628","0.26319096191406255","False",""
"","1537488000","100.0","","","","","","","","","","","","","","","","","","","","","","","","","","","","","","","","","","","","","","","","","","","","","","","","","","","","","","","","","","","","","","","","","","AAPL200117C00100000","100.0","USD","79.85","-0.6500015","-0.8074553","31","4641","78.95","79.45","REGULAR","1579219200","1516633630","0.297736514892578","True","AAPL200117P00120000","120.0","USD","3.5","0.049999952","1.449274","8","4293","3.2","3.7","REGULAR","1579219200","1516631540","0.2557447473144532","False",""
"","1547769600","105.0","","","","","","","","","","","","","","","","","","","","","","","","","","","","","","","","","","","","","","","","","","","","","","","","","","","","","","","","","","","","","","","","","","AAPL200117C00105000","105.0","USD","74.58","4.090004","5.8022475","2","225","72.5","77.0","REGULAR","1579219200","1515777773","0.34632001342773433","True","AAPL200117P00125000","125.0","USD","4.35","0.049999714","1.162784","53","4503","4.2","4.4","REGULAR","1579219200","1516634689","0.24991594818115231","False",""
"","1579219200","110.0","","","","","","","","","","","","","","","","","","","","","","","","","","","","","","","","","","","","","","","","","","","","","","","","","","","","","","","","","","","","","","","","","","AAPL200117C00110000","110.0","USD","71.7","-1.5400009","-2.1026776","18","644","70.0","74.0","REGULAR","1579219200","1516394524","0.36511865356445317","True","AAPL200117P00130000","130.0","USD","5.35","0.049999714","0.94339085","10","7228","5.0","6.15","REGULAR","1579219200","1516631446","0.2607800973510742","False",""
"","","115.0","","","","","","","","","","","","","","","","","","","","","","","","","","","","","","","","","","","","","","","","","","","","","","","","","","","","","","","","","","","","","","","","","","AAPL200117C00115000","115.0","USD","68.2","-0.8199997","-1.188061","2","384","66.0","70.5","REGULAR","1579219200","1516391958","0.3682314154052735","True","AAPL200117P00135000","135.0","USD","6.3","-0.13999987","-2.173911","46","2480","5.95","6.5","REGULAR","1579219200","1516391304","0.24503318450927736","False",""
"","","120.0","","","","","","","","","","","","","","","","","","","","","","","","","","","","","","","","","","","","","","","","","","","","","","","","","","","","","","","","","","","","","","","","","","AAPL200117C00120000","120.0","USD","63.45","-1.5499992","-2.3846142","311","1383","63.4","64.2","REGULAR","1579219200","1516394730","0.3198310205078124","True","AAPL200117P00140000","140.0","USD","7.6","0.11000013","1.4686267","25","6748","7.25","7.8","REGULAR","1579219200","1516631542","0.2430800790405273","False",""
"","","125.0","","","","","","","","","","","","","","","","","","","","","","","","","","","","","","","","","","","","","","","","","","","","","","","","","","","","","","","","","","","","","","","","","","AAPL200117C00125000","125.0","USD","59.87","-0.97999954","-1.6105169","12","1751","58.5","61.95","REGULAR","1579219200","1516395017","0.34204759521484374","True","AAPL200117P00145000","145.0","USD","8.95","-0.10000038","-1.1049767","10","1521","8.4","9.2","REGULAR","1579219200","1516394641","0.24036404174804685","False",""
"","","130.0","","","","","","","","","","","","","","","","","","","","","","","","","","","","","","","","","","","","","","","","","","","","","","","","","","","","","","","","","","","","","","","","","","AAPL200117C00130000","130.0","USD","55.0","-1.0","-1.7857144","26","1328","54.0","57.85","REGULAR","1579219200","1516632012","0.33090879058837885","True","AAPL200117P00150000","150.0","USD","10.69","0.18999958","1.8095199","39","5411","10.15","10.9","REGULAR","1579219200","1516632021","0.23944852355957028","False",""
"","","135.0","","","","","","","","","","","","","","","","","","","","","","","","","","","","","","","","","","","","","","","","","","","","","","","","","","","","","","","","","","","","","","","","","","AAPL200117C00135000","135.0","USD","51.42","-0.48000336","-0.9248619","3","430","50.0","52.4","REGULAR","1579219200","1516633485","0.2997506549072265","True","AAPL200117P00155000","155.0","USD","12.28","-0.020000458","-0.16260535","47","2829","11.8","12.5","REGULAR","1579219200","1516632021","0.23528291580200195","False",""
"","","140.0","","","","","","","","","","","","","","","","","","","","","","","","","","","","","","","","","","","","","","","","","","","","","","","","","","","","","","","","","","","","","","","","","","AAPL200117C00140000","140.0","USD","47.01","-1.4400024","-2.9721413","179","3037","47.1","48.0","REGULAR","1579219200","1516631691","0.28424788024902337","True","AAPL200117P00160000","160.0","USD","13.7","-0.35000038","-2.4911058","18","3640","13.6","14.5","REGULAR","1579219200","1516632559","0.2339248971557617","False",""
"","","145.0","","","","","","","","","","","","","","","","","","","","","","","","","","","","","","","","","","","","","","","","","","","","","","","","","","","","","","","","","","","","","","","","","","AAPL200117C00145000","145.0","USD","45.01","-0.34000015","-0.74972475","3","905","42.55","44.8","REGULAR","1579219200","1516632598","0.28388167297363276","True","AAPL200117P00165000","165.0","USD","16.2","-0.049999237","-0.3076876","12","1890","15.6","16.7","REGULAR","1579219200","1516394548","0.2328110166931152","False",""
"","","150.0","","","","","","","","","","","","","","","","","","","","","","","","","","","","","","","","","","","","","","","","","","","","","","","","","","","","","","","","","","","","","","","","","","AAPL200117C00150000","150.0","USD","41.3","-0.54999924","-1.3142157","24","15548","40.4","41.55","REGULAR","1579219200","1516634976","0.280982532043457","True","AAPL200117P00170000","170.0","USD","18.26","0.0","0.0","100","1431","17.4","18.8","REGULAR","1579219200","1516297558","0.2288132539367676","False",""
"","","155.0","","","","","","","","","","","","","","","","","","","","","","","","","","","","","","","","","","","","","","","","","","","","","","","","","","","","","","","","","","","","","","","","","","AAPL200117C00155000","155.0","USD","38.54","-0.6100006","-1.5581113","2","11256","37.5","38.4","REGULAR","1579219200","1516632728","0.2776256320190429","True","AAPL200117P00175000","175.0","USD","21.3","0.6399994","3.0977705","52","801","20.6","21.2","REGULAR","1579219200","1516633726","0.22623454437255858","False",""
"","","160.0","","","","","","","","","","","","","","","","","","","","","","","","","","","","","","","","","","","","","","","","","","","","","","","","","","","","","","","","","","","","","","","","","","AAPL200117C00160000","160.0","USD","35.0","-0.70000076","-1.9607865","1","5202","35.0","35.55","REGULAR","1579219200","1516631444","0.2760845097351074","True","AAPL200117P00180000","180.0","USD","22.9","-0.020000458","-0.087262034","8","1343","22.8","24.2","REGULAR","1579219200","1516632305","0.22801980484008788","True",""
"","","165.0","","","","","","","","","","","","","","","","","","","","","","","","","","","","","","","","","","","","","","","","","","","","","","","","","","","","","","","","","","","","","","","","","","AAPL200117C00165000","165.0","USD","32.5","-0.6500015","-1.9607888","9","2999","32.0","32.9","REGULAR","1579219200","1516634467","0.27509269836425776","True","AAPL200117P00185000","185.0","USD","25.6","0.0","0.0","11","222","25.0","28.4","REGULAR","1579219200","1516222566","0.2401199035644531","True",""
"","","170.0","","","","","","","","","","","","","","","","","","","","","","","","","","","","","","","","","","","","","","","","","","","","","","","","","","","","","","","","","","","","","","","","","","AAPL200117C00170000","170.0","USD","29.75","-0.8500004","-2.7777789","171","3532","29.15","30.1","REGULAR","1579219200","1516633022","0.27094234924316407","True","AAPL200117P00190000","190.0","USD","29.2","0.7600002","2.6722932","11","229","27.6","30.8","REGULAR","1579219200","1516377801","0.2325363612365723","True",""
"","","175.0","","","","","","","","","","","","","","","","","","","","","","","","","","","","","","","","","","","","","","","","","","","","","","","","","","","","","","","","","","","","","","","","","","AAPL200117C00175000","175.0","USD","27.55","-0.55000114","-1.9572994","24","6963","27.2","27.9","REGULAR","1579219200","1516634209","0.2715832119750976","True","AAPL200117P00195000","195.0","USD","31.2","0.0","0.0","40","103","30.7","34.15","REGULAR","1579219200","1516285851","0.23300937896728519","True",""
"","","180.0","","","","","","","","","","","","","","","","","","","","","","","","","","","","","","","","","","","","","","","","","","","","","","","","","","","","","","","","","","","","","","","","","","AAPL200117C00180000","180.0","USD","25.25","-0.42000008","-1.6361514","32","4623","24.0","25.5","REGULAR","1579219200","1516633396","0.26866881240844726","False","AAPL200117P00200000","200.0","USD","34.9","0.45000076","1.3062432","3","1006","33.85","37.2","REGULAR","1579219200","1516388498","0.22896584030151368","True",""
"","","185.0","","","","","","","","","","","","","","","","","","","","","","","","","","","","","","","","","","","","","","","","","","","","","","","","","","","","","","","","","","","","","","","","","","AAPL200117C00185000","185.0","USD","23.28","0.31000137","1.3495924","3","3460","22.0","23.6","REGULAR","1579219200","1516631404","0.2694317442321777","False","AAPL200117P00210000","210.0","USD","41.9","-0.8499985","-1.9883004","2","99","41.1","41.95","REGULAR","1579219200","1516394654","0.20127141510009766","True",""
"","","190.0","","","","","","","","","","","","","","","","","","","","","","","","","","","","","","","","","","","","","","","","","","","","","","","","","","","","","","","","","","","","","","","","","","AAPL200117C00190000","190.0","USD","21.05","-0.35000038","-1.6355159","60","3460","21.05","22.6","REGULAR","1579219200","1516635028","0.2778392529296875","False","AAPL200117P00220000","220.0","USD","50.5","0.0","0.0","22","1103","48.4","49.25","REGULAR","1579219200","1516131561","0.19344373458862307","True",""
"","","195.0","","","","","","","","","","","","","","","","","","","","","","","","","","","","","","","","","","","","","","","","","","","","","","","","","","","","","","","","","","","","","","","","","","AAPL200117C00195000","195.0","USD","19.3","-0.40000153","-2.0304644","11","1703","18.3","20.55","REGULAR","1579219200","1516632982","0.2744518356323242","False","AAPL200117P00230000","230.0","USD","57.55","0.0","0.0","2","86","56.2","57.65","REGULAR","1579219200","1516217913","0.19297071685791017","True",""
"","","200.0","","","","","","","","","","","","","","","","","","","","","","","","","","","","","","","","","","","","","","","","","","","","","","","","","","","","","","","","","","","","","","","","","","AAPL200117C00200000","200.0","USD","17.4","-0.27000046","-1.5280162","25","6244","16.85","17.5","REGULAR","1579219200","1516635179","0.259696734161377","False","AAPL200117P00240000","240.0","USD","64.2","0.0","0.0","100","715","64.45","65.35","REGULAR","1579219200","1516304888","0.17420259399414065","True",""
"","","210.0","","","","","","","","","","","","","","","","","","","","","","","","","","","","","","","","","","","","","","","","","","","","","","","","","","","","","","","","","","","","","","","","","","AAPL200117C00210000","210.0","USD","14.35","-0.4699993","-3.1713855","13","2902","14.0","14.95","REGULAR","1579219200","1516634238","0.2624280300903321","False","AAPL200117P00250000","250.0","USD","73.7","0.8999939","1.2362553","150","243","73.1","74.1","REGULAR","1579219200","1516384454","0.16217878845214845","True",""
"","","220.0","","","","","","","","","","","","","","","","","","","","","","","","","","","","","","","","","","","","","","","","","","","","","","","","","","","","","","","","","","","","","","","","","","AAPL200117C00220000","220.0","USD","12.1","-0.34999943","-2.8112404","1","2375","11.5","12.75","REGULAR","1579219200","1516634646","0.26461001510620114","False","AAPL200117P00260000","260.0","USD","82.75","-3.25","-3.7790697","400","3","81.0","83.25","REGULAR","1579219200","1516394130","0.14630980651855469","True",""
"","","230.0","","","","","","","","","","","","","","","","","","","","","","","","","","","","","","","","","","","","","","","","","","","","","","","","","","","","","","","","","","","","","","","","","","AAPL200117C00230000","230.0","USD","9.43","-0.9699993","-9.326917","1","1938","8.0","10.6","REGULAR","1579219200","1516634628","0.26343510009765625","False","","","","","","","","","","","","","","","",""
"","","240.0","","","","","","","","","","","","","","","","","","","","","","","","","","","","","","","","","","","","","","","","","","","","","","","","","","","","","","","","","","","","","","","","","","AAPL200117C00240000","240.0","USD","7.66","-0.7399998","-8.809522","5","2183","8.0","8.3","REGULAR","1579219200","1516635334","0.2563550927734375","False","","","","","","","","","","","","","","","",""
"","","250.0","","","","","","","","","","","","","","","","","","","","","","","","","","","","","","","","","","","","","","","","","","","","","","","","","","","","","","","","","","","","","","","","","","AAPL200117C00250000","250.0","USD","6.1","-0.9000001","-12.857143","2","1106","5.6","6.3","REGULAR","1579219200","1516633902","0.24832904998779298","False","","","","","","","","","","","","","","","",""
"","","260.0","","","","","","","","","","","","","","","","","","","","","","","","","","","","","","","","","","","","","","","","","","","","","","","","","","","","","","","","","","","","","","","","","","AAPL200117C00260000","260.0","USD","4.95","-0.12000036","-2.366871","11","1288","4.5","5.2","REGULAR","1579219200","1516633034","0.24872577453613282","False","","","","","","","","","","","","","","","",""
